<?xml version="1.0" encoding="UTF-8"?>

<!DOCTYPE struts PUBLIC
        "-//Apache Software Foundation//DTD Struts Configuration 2.5//EN"
        "http://struts.apache.org/dtds/struts-2.5.dtd">

<struts>

    <!--开启动态方法调用--><!--选enable的-->
    <constant name="struts.enable.DynamicMethodInvocation" value="true"></constant>
    <!--及时编译-->
    <constant name="struts.configuration.xml.reload" value="true"></constant>

    <!--公共通用配置-->
    <package name="default" extends="struts-default">
        <!-- 设置白名单-->
        <global-allowed-methods>regex:.*</global-allowed-methods>
    </package>

    <!--用户模块-->
    <package name="user" extends="default">
        <action name="login" class="com.bdqn.web.UserAction" method="login">
            <result>/success.jsp</result>
        </action>
        <action name="register" class="com.bdqn.web.UserAction" method="register">
            <result>/success.jsp</result>
        </action>
        <action name="update" class="com.bdqn.web.UserAction" method="update">
            <result>/success.jsp</result>
        </action>
        <action name="delete" class="com.bdqn.web.UserAction" method="delete">
            <result>/success.jsp</result>
        </action>

    </package>

    <!--用户模块2-->                                <!--多了个命名空间-->
    <package name="user2" extends="default" namespace="/user">
        
        <!-- 配置action-->
        <action name="user" class="com.bdqn.web.UserAction" >
            <result>/success.jsp</result>
        </action>
        
    </package>
    
</struts>